Workbook

Sheet Leads
A1: Tanggal Outreach | B1: Nama Prospect | C1: Channel | D1: Link Profile | E1: Perusahaan | F1: Industri | G1: Posisi | H1: Pesan Dikirim (Singkat) | I1: Status | J1: Tanggal Reply | K1: Next Action | L1: Hari Trial | M1: Tanggal Bayar | N1: Plan Dipilih | O1: Komisi (Rp) | P1: Notes
A2: 2026-05-15 | B2: Budi Santoso | C2: LinkedIn | D2: https://linkedin.com/in/budi-santoso | E2: Toko Mawar Online | F2: E-commerce | G2: Owner | H2: Cold DM offer free audit | I2: Sent | K2: Follow up 2026-05-17 | N2: - | O2: 0 | P2: First cold DM
A3: 2026-05-15 | B3: Siti Rahayu | C3: WhatsApp | D3: wa.me/628123456789 | E3: PT Maju Bersama | F3: SaaS | G3: Founder | H3: Warm intro from Andi | I3: Replied | J3: 2026-05-15 | K3: Schedule Zoom call | N3: - | O3: 0 | P3: Interested in trial
A4: 2026-05-16 | B4: Pak Hartono | C4: Instagram DM | D4: instagram.com/hartono.id | E4: Hartono Coffee | F4: F&B | G4: Owner | H4: Personalized about review pain | I4: Opened | K4: Wait 3 days | N4: - | O4: 0
A5: 2026-05-16 | B5: Dewi Anggraini | C5: LinkedIn | D5: https://linkedin.com/in/dewi-anggraini | E5: Sociolla | F5: Beauty | G5: Head of CX | H5: Comment di post mereka dulu | I5: In Discussion | J5: 2026-05-16 | K5: Send proposal | N5: - | O5: 0 | P5: Big brand interest
A6: 2026-05-17 | B6: Rizki Pratama | C6: LinkedIn | D6: https://linkedin.com/in/rizki-pratama | E6: Janji Jiwa Coffee | F6: F&B | G6: Marketing | H6: Refer audit gratis | I6: Trial Signup | J6: 2026-05-17 | K6: Day 7 check-in | L6: 7 | N6: - | O6: 0 | P6: Onboarded
A7: 2026-05-18 | B7: Andi Wijaya | C7: Email | D7: andi@kopikenangan.com | E7: Kopi Kenangan | F7: F&B | G7: Operations | H7: Cold email about CS | I7: Lost | J7: 2026-05-19 | K7: Closed - they use Cekat | N7: - | O7: 0 | P7: Already using Cekat
A8: 2026-05-18 | B8: Maya Putri | C8: LinkedIn | D8: https://linkedin.com/in/maya-putri | E8: Hangry | F8: F&B | G8: Co-founder | H8: Mutual connection | I8: Replied | J8: 2026-05-18 | K8: Send demo video | N8: - | O8: 0
A9: 2026-05-19 | B9: Pak Bambang | C9: WhatsApp | D9: wa.me/628987654321 | E9: UD Sejahtera | F9: Retail | G9: Owner | H9: Warm intro from cousin | I9: Demo Booked | J9: 2026-05-19 | K9: Zoom 2026-05-22 14:00 | N9: - | O9: 0 | P9: Family referral
A10: 2026-05-20 | B10: Ningrum | C10: LinkedIn | D10: https://linkedin.com/in/ningrum | E10: Eatlah | F10: F&B | G10: Operations | H10: Reply on her post | I10: In Discussion | J10: 2026-05-20 | K10: Follow up tomorrow | N10: - | O10: 0
A11: 2026-05-22 | B11: Pak Hartono | C11: WhatsApp | D11: wa.me/628333222111 | E11: Hartono Coffee | F11: F&B | G11: Owner | H11: Follow up dari IG | I11: Paid | J11: 2026-05-25 | K11: Activate plan | L11: 14 | M11: 2026-05-25 | N11: Pro (Rp 299rb) | O11: 30000 | P11: First paying! Pro Rp 299rb x 10% = Rp 30k

Sheet Summary
A1: AICS Lead Tracking Summary
A2: Auto-updated dari sheet 'Leads'
A4: Total Outreach | B4: =COUNTA(Leads!A2:A1000)
A5: Total Replied or Beyond | B5: =COUNTIF(Leads!I2:I1000,"Replied")+COUNTIF(Leads!I2:I1000,"In Discussion")+COUNTIF(Leads!I2:I1000,"Demo Booked")+COUNTIF(Leads!I2:I1000,"Demo Done")+COUNTIF(Leads!I2:I1000,"Trial Signup")+COUNTIF(Leads!I2:I1000,"Paid")+COUNTIF(Leads!I2:I1000,"Lost")
A6: Reply Rate | B6: =IFERROR(B5/B4, 0)
A7: Demo Booked / Done | B7: =COUNTIF(Leads!I2:I1000,"Demo Booked")+COUNTIF(Leads!I2:I1000,"Demo Done")
A8: Trial Signup or Beyond | B8: =COUNTIF(Leads!I2:I1000,"Trial Signup")+COUNTIF(Leads!I2:I1000,"Paid")
A9: Paid Customer | B9: =COUNTIF(Leads!I2:I1000,"Paid")
A10: Total Komisi (Rp) | B10: =SUM(Leads!O2:O1000)
A13: 📊 By Channel
A14: LinkedIn | B14: =COUNTIF(Leads!C2:C1000,"LinkedIn")
A15: WhatsApp | B15: =COUNTIF(Leads!C2:C1000,"WhatsApp")
A16: Email | B16: =COUNTIF(Leads!C2:C1000,"Email")
A17: Instagram DM | B17: =COUNTIF(Leads!C2:C1000,"Instagram DM")
A18: Komunitas | B18: =COUNTIF(Leads!C2:C1000,"Komunitas")
A19: Facebook Group | B19: =COUNTIF(Leads!C2:C1000,"Facebook Group")
A20: TikTok DM | B20: =COUNTIF(Leads!C2:C1000,"TikTok DM")
A21: Referral | B21: =COUNTIF(Leads!C2:C1000,"Referral")
A23: 🏢 By Industri
A24: E-commerce | B24: =COUNTIF(Leads!F2:F1000,"E-commerce")
A25: SaaS | B25: =COUNTIF(Leads!F2:F1000,"SaaS")
A26: F&B | B26: =COUNTIF(Leads!F2:F1000,"F&B")
A27: Edu | B27: =COUNTIF(Leads!F2:F1000,"Edu")
A28: Beauty | B28: =COUNTIF(Leads!F2:F1000,"Beauty")
A29: Retail | B29: =COUNTIF(Leads!F2:F1000,"Retail")
A30: Fashion | B30: =COUNTIF(Leads!F2:F1000,"Fashion")
A31: Health | B31: =COUNTIF(Leads!F2:F1000,"Health")
A32: Travel | B32: =COUNTIF(Leads!F2:F1000,"Travel")
A33: Other | B33: =COUNTIF(Leads!F2:F1000,"Other")
A35: 💰 By Plan
A36: Lite (Rp 99rb) | B36: =COUNTIF(Leads!N2:N1000,"Lite (Rp 99rb)")
A37: Pro (Rp 299rb) | B37: =COUNTIF(Leads!N2:N1000,"Pro (Rp 299rb)")
A38: Business (Rp 999rb) | B38: =COUNTIF(Leads!N2:N1000,"Business (Rp 999rb)")
A39: Custom | B39: =COUNTIF(Leads!N2:N1000,"Custom")
A41: Estimated MRR
A42: Monthly Recurring Revenue (Rp) | B42: =COUNTIF(Leads!N2:N1000,"Lite (Rp 99rb)")*99000+COUNTIF(Leads!N2:N1000,"Pro (Rp 299rb)")*299000+COUNTIF(Leads!N2:N1000,"Business (Rp 999rb)")*999000
